{
  "n": 1404,
  "pearson_r": 0.30368341244316077,
  "brier": 0.25349457624057126
}