{
  "n": 232,
  "pearson_r": 0.24190079789545307,
  "brier": 0.08593889825199857
}